1,Risa,Guilliland,rguilliland0@umich.edu,158.204.79.32
2,Mirabella,Lansbury,mlansbury1@ameblo.jp,255.109.104.7
3,Jorrie,Bore,jbore2@mayoclinic.com,54.11.17.127
4,Rebecka,Vyvyan,rvyvyan3@nationalgeographic.com,123.163.172.139
5,Lacy,Spitaro,lspitaro4@time.com,57.101.124.71
6,Lamond,Winchcum,lwinchcum5@vkontakte.ru,176.195.19.139
7,Joyann,Whitworth,jwhitworth6@360.cn,88.123.56.125
8,Damon,Dodle,ddodle7@japanpost.jp,102.229.149.220
9,Lauree,Malia,lmalia8@google.com.au,20.65.40.108
10,Ray,Maudson,rmaudson9@friendfeed.com,232.137.3.158
11,Loni,Sarten,lsartena@dedecms.com,90.21.225.150
12,Cirilo,Nicklinson,cnicklinsonb@jalbum.net,110.17.216.36
13,Ellary,Pittford,epittfordc@360.cn,35.242.78.174
14,Ives,Vakhrushin,ivakhrushind@amazon.co.uk,100.67.61.222
15,Donni,Costelloe,dcostelloee@cloudflare.com,112.75.134.159
16,Waylon,Adamson,wadamsonf@reverbnation.com,249.47.27.240
17,Carena,Denholm,cdenholmg@latimes.com,116.177.51.196
18,Corrie,Benes,cbenesh@dion.ne.jp,165.111.78.39
19,Natka,Chasemore,nchasemorei@taobao.com,164.73.81.245
20,Kalli,Sendley,ksendleyj@economist.com,233.145.245.183
21,Jilly,Mecchi,jmecchik@sciencedirect.com,24.62.246.162
22,Shannon,Sinnett,ssinnettl@samsung.com,21.71.172.200
23,Easter,Dean,edeanm@furl.net,131.20.201.52
24,Pietrek,Ellery,pelleryn@si.edu,120.41.190.179
25,Nanny,Dagnan,ndagnano@admin.ch,110.43.60.34
26,Martita,Mateuszczyk,mmateuszczykp@flavors.me,208.249.20.131
27,Ky,O'Fallon,kofallonq@freewebs.com,173.2.5.52
28,Windham,Conaghan,wconaghanr@techcrunch.com,79.204.42.172
29,Darbie,Hallgath,dhallgaths@lulu.com,31.70.202.30
30,Annalee,Graber,agrabert@jimdo.com,230.110.102.32
31,Cairistiona,Fernier,cfernieru@multiply.com,69.196.217.155
32,Kylynn,Adicot,kadicotv@japanpost.jp,242.108.202.167
33,Early,Lohmeyer,elohmeyerw@dmoz.org,61.200.81.41
34,Eba,Volett,evolettx@miitbeian.gov.cn,182.158.192.162
35,Griff,Mathison,gmathisony@gnu.org,61.200.72.117
36,Tamas,Ortmann,tortmannz@japanpost.jp,66.248.16.13
37,Lyle,Delle,ldelle10@51.la,147.123.142.98
38,Carce,Danilishin,cdanilishin11@marriott.com,26.15.60.31
39,Cristin,de Verson,cdeverson12@accuweather.com,157.8.171.100
40,Neel,Harse,nharse13@creativecommons.org,192.58.142.144
41,Lance,Blakebrough,lblakebrough14@timesonline.co.uk,151.238.112.15
42,Suzy,Mercy,smercy15@nature.com,86.78.118.223
43,Nikolos,Lavery,nlavery16@xing.com,9.74.105.184
44,Alexina,Schwartz,aschwartz17@state.tx.us,163.57.211.65
45,Philip,Tock,ptock18@buzzfeed.com,40.216.74.59
46,Jackson,Hukins,jhukins19@washington.edu,10.127.160.159
47,Siobhan,Bohman,sbohman1a@usda.gov,221.82.99.169
48,Marquita,Divine,mdivine1b@ucla.edu,219.19.156.19
49,Nickie,Burling,nburling1c@nps.gov,168.13.7.239
50,Hodge,Alexandrescu,halexandrescu1d@over-blog.com,21.196.230.33
51,Krissie,Matthias,kmatthias1e@buzzfeed.com,189.8.129.252
52,Fanni,Jones,fjones1f@delicious.com,98.168.228.3
53,Grier,Scholar,gscholar1g@netscape.com,216.113.70.126
54,Mark,Mougenel,mmougenel1h@usatoday.com,14.96.196.234
55,Jean,Harmant,jharmant1i@ask.com,31.229.207.216
56,Joly,Smedley,jsmedley1j@nih.gov,98.143.47.199
57,Kinnie,McCaskell,kmccaskell1k@umn.edu,213.101.104.11
58,Gunner,Chitty,gchitty1l@4shared.com,27.93.101.244
59,Lusa,Ternott,lternott1m@unc.edu,120.153.88.107
60,Ted,Safe,tsafe1n@oakley.com,175.192.159.8
61,Verna,Lambol,vlambol1o@omniture.com,216.82.244.178
62,Amery,Cochern,acochern1p@pinterest.com,155.14.251.31
63,Johannes,Ranking,jranking1q@sciencedaily.com,99.114.2.189
64,Derward,McSaul,dmcsaul1r@cdc.gov,9.104.136.191
65,Sallyann,Vardon,svardon1s@tinyurl.com,124.6.3.89
66,Lucius,Turfitt,lturfitt1t@time.com,206.139.57.169
67,Sheppard,Keighly,skeighly1u@senate.gov,104.157.19.57
68,Lillis,Djokovic,ldjokovic1v@goo.ne.jp,130.30.30.215
69,Vito,Corpes,vcorpes1w@etsy.com,200.247.39.251
70,Karlie,Kuhnwald,kkuhnwald1x@arstechnica.com,184.8.37.201
71,Kimberli,Pyvis,kpyvis1y@rakuten.co.jp,140.84.33.61
72,Raeann,Latore,rlatore1z@topsy.com,249.79.122.85
73,Minny,Wogdon,mwogdon20@indiatimes.com,206.147.206.125
74,Neddy,Purselow,npurselow21@home.pl,223.96.234.214
75,Juieta,Wickey,jwickey22@cdc.gov,206.146.159.191
76,Jordan,Noar,jnoar23@lulu.com,92.235.81.180
77,Ulick,Murrock,umurrock24@illinois.edu,245.104.229.243
78,Georgina,Hartright,ghartright25@fda.gov,152.59.220.248
79,Anthiathia,Eliesco,aeliesco26@google.com.hk,208.68.139.194
80,Pace,Highton,phighton27@skype.com,171.220.156.242
81,Fleming,Ahlin,fahlin28@princeton.edu,227.148.146.178
82,Elfrida,Yateman,eyateman29@biblegateway.com,31.118.147.38
83,Nealon,Lea,nlea2a@ox.ac.uk,164.222.104.245
84,Wilfrid,Angeau,wangeau2b@unc.edu,225.133.75.25
85,Ario,Phillips,aphillips2c@webmd.com,96.109.35.105
86,Nissa,Fludder,nfludder2d@ask.com,126.135.211.92
87,Elsi,Ham,eham2e@ibm.com,177.64.23.100
88,Monty,Innwood,minnwood2f@ameblo.jp,37.4.126.46
89,Sonnie,Cradduck,scradduck2g@blogger.com,122.96.31.89
90,Theodosia,Clohisey,tclohisey2h@e-recht24.de,24.63.85.165
91,Delphinia,Ebhardt,debhardt2i@icq.com,4.188.14.158
92,Kial,Hatwells,khatwells2j@latimes.com,38.238.120.103
93,Benoite,Garnsworth,bgarnsworth2k@japanpost.jp,144.37.20.46
94,Murdock,Exposito,mexposito2l@squidoo.com,188.132.239.120
95,Dolores,Stapforth,dstapforth2m@europa.eu,99.177.219.21
96,Doralynne,Giabuzzi,dgiabuzzi2n@cdc.gov,210.190.142.212
97,Cori,Leadley,cleadley2o@dedecms.com,145.67.79.3
98,Rolland,Pummery,rpummery2p@etsy.com,156.176.50.13
99,Gerianna,Bycraft,gbycraft2q@virginia.edu,20.159.210.187
100,Rooney,Hapgood,rhapgood2r@irs.gov,73.20.90.107
101,Ulises,De Vuyst,udevuyst2s@yelp.com,85.89.125.136
102,Arni,Adamek,aadamek2t@technorati.com,220.153.191.245
103,Kaia,Peartree,kpeartree2u@ovh.net,49.28.66.172
104,Buiron,Brimmacombe,bbrimmacombe2v@booking.com,66.243.170.179
105,Ricardo,Deller,rdeller2w@narod.ru,226.9.220.167
106,Felic,Gladebeck,fgladebeck2x@theglobeandmail.com,106.227.185.81
107,Zabrina,Parkin,zparkin2y@latimes.com,94.101.233.128
108,Say,Yele,syele2z@loc.gov,254.4.102.3
109,Murdoch,Mudge,mmudge30@google.es,109.28.19.153
110,Weylin,Brazel,wbrazel31@php.net,250.217.163.239
111,Sigmund,Strachan,sstrachan32@examiner.com,56.234.153.3
112,Pamela,Duxbury,pduxbury33@ovh.net,117.66.43.239
113,Theresa,Cash,tcash34@upenn.edu,107.162.223.85
114,Nana,Greeding,ngreeding35@ca.gov,84.31.157.150
115,Jillian,Glanister,jglanister36@seattletimes.com,231.152.128.8
116,Rosabelle,Corkhill,rcorkhill37@soundcloud.com,73.138.68.85
117,Lorrin,Ladbrooke,lladbrooke38@unblog.fr,1.204.233.229
118,Anastasia,Russe,arusse39@scientificamerican.com,245.70.224.85
119,Hobie,Dobey,hdobey3a@livejournal.com,95.7.112.163
120,Bobbie,Cadwallader,bcadwallader3b@quantcast.com,87.0.12.50
121,Fairfax,Symcox,fsymcox3c@digg.com,103.157.51.76
122,Raina,Saynor,rsaynor3d@amazonaws.com,156.241.104.92
123,Elliot,Wyndham,ewyndham3e@wired.com,10.114.5.75
124,Milton,Hinchcliffe,mhinchcliffe3f@canalblog.com,150.89.183.73
125,Candace,Zorzini,czorzini3g@chicagotribune.com,87.65.3.211
126,Richard,Ranahan,rranahan3h@posterous.com,154.251.137.65
127,Eadie,Tettley,etettley3i@sina.com.cn,151.163.107.111
128,Matti,Maundrell,mmaundrell3j@exblog.jp,113.88.64.32
129,Nissy,Eaves,neaves3k@homestead.com,137.15.203.20
130,Meyer,Heathorn,mheathorn3l@statcounter.com,125.237.224.91
131,Rebecka,Regenhardt,rregenhardt3m@hao123.com,224.203.131.237
132,Conn,McDougle,cmcdougle3n@java.com,55.229.62.49
133,Dion,Escoffrey,descoffrey3o@alibaba.com,69.142.189.211
134,Darcee,Hatherleigh,dhatherleigh3p@sina.com.cn,41.229.198.49
135,Andriette,Flockhart,aflockhart3q@163.com,55.152.39.181
136,Melisse,Arenson,marenson3r@shareasale.com,169.209.198.99
137,Hew,Trencher,htrencher3s@cafepress.com,106.134.74.227
138,Northrup,Pincott,npincott3t@livejournal.com,164.207.41.152
139,Merwin,Jeppensen,mjeppensen3u@princeton.edu,188.185.115.209
140,Annabal,Humblestone,ahumblestone3v@godaddy.com,59.33.17.245
141,Virge,Lampitt,vlampitt3w@hud.gov,96.156.94.227
142,Anette,Sussans,asussans3x@about.com,171.190.122.42
143,Carney,Gumn,cgumn3y@narod.ru,233.137.217.251
144,Bordie,Bonehill,bbonehill3z@umich.edu,8.97.84.171
145,Humfrid,Cohn,hcohn40@vistaprint.com,44.129.56.16
146,Lay,Rittelmeyer,lrittelmeyer41@geocities.jp,172.196.213.36
147,Nero,Elms,nelms42@cnn.com,191.153.198.127
148,Zena,Blest,zblest43@merriam-webster.com,125.108.26.201
149,Editha,Klyner,eklyner44@wordpress.com,225.144.90.175
150,Romola,de Tocqueville,rdetocqueville45@360.cn,203.119.120.31
151,Tamqrah,Webber,twebber46@google.es,182.36.21.125
152,Gisella,Mosten,gmosten47@elpais.com,13.120.72.76
153,Mallissa,Slocom,mslocom48@qq.com,2.232.164.193
154,Alison,Kinnerley,akinnerley49@java.com,84.204.183.74
155,Egor,Blockwell,eblockwell4a@a8.net,193.13.237.200
156,Anita,Prothero,aprothero4b@ask.com,0.163.159.113
157,Brigg,Pavelka,bpavelka4c@ucoz.ru,143.67.26.165
158,George,Cayser,gcayser4d@telegraph.co.uk,190.50.213.74
159,Sarita,Claesens,sclaesens4e@godaddy.com,244.197.136.107
160,Cherice,Yapp,cyapp4f@latimes.com,183.0.48.123
161,Ced,Bangle,cbangle4g@exblog.jp,248.235.112.30
162,Raynell,Attenbarrow,rattenbarrow4h@slideshare.net,219.248.81.144
163,Melanie,Marquot,mmarquot4i@about.com,46.195.209.136
164,Margie,Blackbourn,mblackbourn4j@epa.gov,135.127.144.67
165,Greggory,Raisbeck,graisbeck4k@umich.edu,27.86.141.69
166,Oates,Vise,ovise4l@discuz.net,232.215.250.164
167,Hilde,Columbine,hcolumbine4m@dot.gov,182.69.153.214
168,Alie,Barson,abarson4n@webs.com,242.10.164.47
169,Amandy,Stillert,astillert4o@seesaa.net,30.234.80.14
170,Clarine,Sleit,csleit4p@samsung.com,58.240.162.34
171,Shaylyn,Bluck,sbluck4q@nps.gov,254.61.162.119
172,Ginny,Ledeker,gledeker4r@answers.com,215.122.130.219
173,Rourke,Ripper,rripper4s@t-online.de,101.251.98.109
174,Anstice,Douthwaite,adouthwaite4t@csmonitor.com,23.0.63.52
175,Jeremy,Iskow,jiskow4u@hostgator.com,202.190.141.3
176,Datha,Caser,dcaser4v@instagram.com,70.111.239.122
177,Jan,Coase,jcoase4w@baidu.com,225.217.210.34
178,Hortensia,Bolsover,hbolsover4x@fda.gov,254.47.73.234
179,Jacquelynn,Ebenezer,jebenezer4y@dedecms.com,34.228.51.44
180,Rey,Antony,rantony4z@cocolog-nifty.com,75.88.255.241
181,Portia,Hasser,phasser50@g.co,195.145.46.30
182,Evin,Crumley,ecrumley51@technorati.com,70.109.216.112
183,Gillan,Carnaman,gcarnaman52@ibm.com,163.209.154.142
184,Miles,MacArdle,mmacardle53@webs.com,55.196.60.166
185,Jocelin,Hawkshaw,jhawkshaw54@sbwire.com,48.241.182.153
186,Sada,Guiot,sguiot55@admin.ch,9.180.55.182
187,Nadean,Danielsohn,ndanielsohn56@trellian.com,80.105.50.169
188,Cass,Necrews,cnecrews57@simplemachines.org,153.221.162.36
189,Kahlil,Skirvin,kskirvin58@hud.gov,74.180.118.113
190,Quintilla,Wooller,qwooller59@163.com,136.82.170.204
191,Mira,Hillitt,mhillitt5a@bloomberg.com,180.163.92.50
192,Benny,Cornforth,bcornforth5b@tripod.com,197.82.101.212
193,Seline,Landman,slandman5c@jigsy.com,217.155.119.144
194,Nonah,Shuttlewood,nshuttlewood5d@delicious.com,33.66.218.241
195,Rayner,Bello,rbello5e@si.edu,109.176.101.90
196,Godard,Rhymes,grhymes5f@sakura.ne.jp,127.113.78.40
197,Francklin,Tieraney,ftieraney5g@biglobe.ne.jp,73.245.122.182
198,Gertruda,Solon,gsolon5h@cyberchimps.com,45.97.219.90
199,Katharine,Mosedill,kmosedill5i@princeton.edu,0.200.161.4
200,Scot,Danilin,sdanilin5j@themeforest.net,59.94.195.20
201,Richard,Carous,rcarous5k@google.cn,148.148.143.104
202,Christean,Spenton,cspenton5l@amazon.co.uk,215.195.79.24
203,Jesse,Greschke,jgreschke5m@gizmodo.com,205.139.73.52
204,Jaquenetta,Andree,jandree5n@about.me,153.254.233.68
205,Billy,Betts,bbetts5o@pinterest.com,12.112.174.101
206,Stella,Iacovacci,siacovacci5p@ucsd.edu,17.203.71.144
207,Sheelagh,Wagner,swagner5q@ft.com,71.111.228.44
208,Rikki,Keme,rkeme5r@ed.gov,50.182.55.236
209,Harlie,Stronack,hstronack5s@google.com.br,206.233.5.225
210,Rudyard,Croke,rcroke5t@ucla.edu,70.137.78.129
211,Jania,Gerhartz,jgerhartz5u@cam.ac.uk,231.54.1.47
212,Efrem,Powdrell,epowdrell5v@de.vu,168.196.198.172
213,Carlina,Hallford,challford5w@vimeo.com,200.117.17.136
214,Moselle,Clayworth,mclayworth5x@dyndns.org,125.237.30.100
215,Trenna,Ciobutaru,tciobutaru5y@zdnet.com,170.155.88.22
216,Olivero,Roche,oroche5z@ustream.tv,10.161.144.114
217,Francisco,Hammond,fhammond60@devhub.com,202.230.127.88
218,Albina,Gossop,agossop61@github.com,229.114.247.249
219,Martin,Spleving,mspleving62@scientificamerican.com,74.104.93.149
220,Kristina,Tames,ktames63@netvibes.com,10.3.252.251
221,Stacey,Hillburn,shillburn64@ustream.tv,250.147.56.85
222,Lyman,Carryer,lcarryer65@xrea.com,128.251.214.66
223,Jenilee,Brisard,jbrisard66@themeforest.net,239.221.39.202
224,Talbot,Birdwistle,tbirdwistle67@example.com,34.224.207.85
225,Ange,Lundberg,alundberg68@dailymail.co.uk,9.168.235.69
226,Marcelia,Brafferton,mbrafferton69@ted.com,193.146.110.116
227,Katina,Wickendon,kwickendon6a@auda.org.au,254.131.40.226
228,Nat,Buscombe,nbuscombe6b@wufoo.com,203.135.9.15
229,Isabella,Dury,idury6c@histats.com,108.188.141.107
230,Basilio,Sheen,bsheen6d@soundcloud.com,200.138.29.80
231,Mead,Gagan,mgagan6e@ft.com,183.110.238.192
232,Cazzie,Andrzejowski,candrzejowski6f@wikipedia.org,180.169.225.190
233,Felecia,Popping,fpopping6g@ucsd.edu,134.195.65.238
234,Ramona,Flemyng,rflemyng6h@sphinn.com,102.252.62.12
235,Bill,Grogor,bgrogor6i@pcworld.com,62.238.185.133
236,Abner,Rivenzon,arivenzon6j@sphinn.com,211.167.13.101
237,Marnia,Cadamy,mcadamy6k@mediafire.com,150.189.71.208
238,Devinne,Attride,dattride6l@infoseek.co.jp,17.214.205.15
239,Basile,MacPake,bmacpake6m@booking.com,125.34.149.106
240,Fee,Burrage,fburrage6n@yandex.ru,196.15.150.3
241,Locke,Redmayne,lredmayne6o@tamu.edu,235.195.215.12
242,Brenna,Skittreal,bskittreal6p@github.com,93.33.150.230
243,Lynsey,Wade,lwade6q@nytimes.com,127.67.144.126
244,Baxter,Kellet,bkellet6r@vinaora.com,140.107.101.70
245,Ronnica,Pirelli,rpirelli6s@reddit.com,213.134.21.113
246,Lefty,Marcussen,lmarcussen6t@nih.gov,141.202.84.219
247,Rossy,Gusticke,rgusticke6u@unblog.fr,82.127.174.114
248,Marve,Eginton,meginton6v@w3.org,30.122.39.121
249,Daryl,Carden,dcarden6w@bandcamp.com,17.13.253.138
250,Wilmer,Godridge,wgodridge6x@cafepress.com,24.202.188.38
251,Nariko,Simyson,nsimyson6y@va.gov,247.148.91.5
252,Bud,Mattingson,bmattingson6z@google.fr,126.126.177.4
253,Jeremiah,Mechem,jmechem70@java.com,82.17.25.162
254,Myrtia,Gates,mgates71@mediafire.com,72.80.25.150
255,Rana,Winchurst,rwinchurst72@fastcompany.com,31.47.140.10
256,Genvieve,Folley,gfolley73@unc.edu,135.133.150.0
257,Paolina,Espada,pespada74@woothemes.com,69.248.182.97
258,Errol,Skidmore,eskidmore75@theglobeandmail.com,27.98.53.61
259,Flin,Cawkill,fcawkill76@bbb.org,157.11.1.61
260,Britni,Male,bmale77@multiply.com,41.80.100.217
261,Ranice,Brittle,rbrittle78@springer.com,116.114.126.247
262,Roanna,Marcus,rmarcus79@craigslist.org,159.39.98.107
263,Hale,Andrey,handrey7a@soup.io,1.33.74.13
264,Jessie,Hearl,jhearl7b@xrea.com,124.134.24.207
265,Clarissa,Beaument,cbeaument7c@oakley.com,43.217.55.128
266,Krystalle,Rugiero,krugiero7d@xing.com,217.108.49.149
267,Shara,Brane,sbrane7e@theguardian.com,227.16.215.76
268,Maurise,Ioannidis,mioannidis7f@reverbnation.com,90.116.249.203
269,Alice,Lewsy,alewsy7g@imdb.com,108.160.133.104
270,Delores,Konzelmann,dkonzelmann7h@theglobeandmail.com,225.212.218.197
271,Devi,Kepp,dkepp7i@samsung.com,11.254.139.121
272,Giana,Shills,gshills7j@walmart.com,36.158.115.114
273,Dukie,Bengle,dbengle7k@jimdo.com,189.216.5.241
274,Merry,Brummell,mbrummell7l@vinaora.com,130.243.58.88
275,Sean,Ogelsby,sogelsby7m@tamu.edu,239.96.117.163
276,Kort,Hawkeridge,khawkeridge7n@ovh.net,222.39.51.112
277,Michal,Malkin,mmalkin7o@examiner.com,245.227.151.136
278,Devland,Crat,dcrat7p@cargocollective.com,128.247.184.229
279,Emmery,Gasken,egasken7q@cornell.edu,148.241.131.233
280,Paton,Waddy,pwaddy7r@cafepress.com,247.80.41.233
281,Meredith,Thornton-Dewhirst,mthorntondewhirst7s@typepad.com,107.50.74.38
282,Nowell,Dafydd,ndafydd7t@hc360.com,100.29.168.240
283,Joli,Allsep,jallsep7u@goo.ne.jp,172.24.48.167
284,Darn,Lytlle,dlytlle7v@adobe.com,254.61.1.252
285,Cyrill,Foulsham,cfoulsham7w@posterous.com,255.254.37.35
286,Farrah,Viant,fviant7x@home.pl,57.212.238.237
287,Brooks,Thompsett,bthompsett7y@rakuten.co.jp,3.118.126.144
288,Upton,Klulisek,uklulisek7z@360.cn,197.16.148.17
289,Dell,Dach,ddach80@devhub.com,197.251.184.149
290,Walsh,Wordesworth,wwordesworth81@i2i.jp,226.110.93.0
291,Janos,Putton,jputton82@g.co,96.254.238.1
292,Mikael,Priest,mpriest83@technorati.com,14.83.66.91
293,Barney,Lumbley,blumbley84@psu.edu,104.88.127.161
294,Vince,Spatari,vspatari85@dagondesign.com,137.136.152.248
295,Lauralee,Bayle,lbayle86@china.com.cn,88.241.168.148
296,Allsun,Hammarberg,ahammarberg87@themeforest.net,128.87.50.97
297,Myca,Yoxall,myoxall88@people.com.cn,202.146.82.61
298,Felita,Dries,fdries89@fema.gov,87.47.167.196
299,Golda,Ransfield,gransfield8a@imdb.com,148.107.206.208
300,Uriel,Shimoni,ushimoni8b@is.gd,176.236.221.46
301,Gayelord,Askham,gaskham8c@reverbnation.com,95.35.223.59
302,Deonne,Leyre,dleyre8d@etsy.com,68.33.178.101
303,Bride,John,bjohn8e@dmoz.org,119.160.112.237
304,Wadsworth,Grzesiak,wgrzesiak8f@i2i.jp,141.127.64.208
305,Josy,Shenley,jshenley8g@uiuc.edu,52.214.249.241
306,Glenine,Haet,ghaet8h@hatena.ne.jp,150.24.158.33
307,Hyacinthe,Sobczak,hsobczak8i@indiegogo.com,197.67.120.211
308,Ryun,Maddison,rmaddison8j@ucsd.edu,252.87.94.246
309,Rollo,Emeline,remeline8k@networksolutions.com,64.123.201.165
310,Debby,Gayther,dgayther8l@tinyurl.com,176.209.71.122
311,Arabele,Flockhart,aflockhart8m@fda.gov,69.224.97.234
312,Minna,Musgrave,mmusgrave8n@bluehost.com,95.178.26.128
313,Barthel,Issacson,bissacson8o@businessweek.com,72.224.192.147
314,Percy,Frodsham,pfrodsham8p@woothemes.com,93.46.54.8
315,Jermaine,Hefferon,jhefferon8q@people.com.cn,142.177.107.108
316,Brendin,Winship,bwinship8r@artisteer.com,155.183.206.136
317,Chantalle,Fieldstone,cfieldstone8s@goo.gl,43.247.181.37
318,Sadella,Roscrigg,sroscrigg8t@nsw.gov.au,141.254.94.71
319,Griff,Braunter,gbraunter8u@webnode.com,69.99.85.140
320,Rhetta,Sapena,rsapena8v@va.gov,99.253.28.242
321,Lorine,Lomond,llomond8w@salon.com,154.18.67.30
322,Emmye,Lacasa,elacasa8x@pinterest.com,195.174.41.167
323,Rheta,Gayle,rgayle8y@dropbox.com,56.99.153.255
324,Candace,Fatharly,cfatharly8z@sourceforge.net,154.115.153.92
325,Jenelle,Nuzzti,jnuzzti90@economist.com,20.207.249.145
326,Daniel,Kearns,dkearns91@abc.net.au,149.57.159.229
327,Loise,Lethcoe,llethcoe92@weebly.com,212.120.72.195
328,Coriss,Preene,cpreene93@twitpic.com,154.248.52.220
329,Killie,Pettegree,kpettegree94@time.com,150.223.116.189
330,Shela,Rosellini,srosellini95@ebay.co.uk,118.201.226.109
331,Willy,Blinerman,wblinerman96@springer.com,105.155.153.187
332,Jerrilyn,Drowsfield,jdrowsfield97@wordpress.com,160.62.207.159
333,Richy,Greschik,rgreschik98@wiley.com,15.122.153.83
334,Lock,Kindley,lkindley99@dailymotion.com,244.53.44.39
335,Humfried,Gouldstone,hgouldstone9a@pinterest.com,31.218.162.133
336,Thorstein,Greyes,tgreyes9b@devhub.com,68.220.183.176
337,Drona,Savery,dsavery9c@unblog.fr,193.55.164.155
338,Brewer,Anster,banster9d@independent.co.uk,182.177.210.203
339,Donny,Ribbens,dribbens9e@walmart.com,63.2.157.207
340,Zarah,Yetts,zyetts9f@cyberchimps.com,192.57.136.219
341,Wallis,Bartolacci,wbartolacci9g@friendfeed.com,12.83.63.99
342,Ettie,Bargh,ebargh9h@acquirethisname.com,85.167.119.224
343,Bill,Baron,bbaron9i@nydailynews.com,248.150.77.199
344,Adam,Turrell,aturrell9j@facebook.com,106.11.156.82
345,Wynn,Bleasdale,wbleasdale9k@blogger.com,208.154.118.68
346,Royall,Chesher,rchesher9l@google.com,140.75.110.165
347,Angus,Swafield,aswafield9m@techcrunch.com,108.157.183.104
348,Rawley,Dyos,rdyos9n@facebook.com,179.40.12.10
349,Isiahi,Iacomo,iiacomo9o@arizona.edu,218.118.82.138
350,Brendon,Tresvina,btresvina9p@indiegogo.com,232.64.239.163
351,Aundrea,Wason,awason9q@umich.edu,24.14.38.151
352,Lucas,Sowerby,lsowerby9r@msu.edu,88.62.6.164
353,Nicolle,Wooffitt,nwooffitt9s@joomla.org,14.152.10.61
354,Merrill,Bitchener,mbitchener9t@cbslocal.com,33.197.70.218
355,Karlie,Tutin,ktutin9u@technorati.com,126.50.165.197
356,Valle,Pressdee,vpressdee9v@google.co.jp,212.178.101.29
357,Blisse,Element,belement9w@sitemeter.com,218.86.179.174
358,Gav,Barclay,gbarclay9x@live.com,214.203.176.208
359,Janel,Cotterell,jcotterell9y@unc.edu,79.54.153.56
360,Bourke,Trotter,btrotter9z@eepurl.com,138.143.126.243
361,Jeana,Vile,jvilea0@cafepress.com,68.168.62.244
362,Gavan,Rounsivall,grounsivalla1@naver.com,22.9.4.148
363,Zed,Gainor,zgainora2@walmart.com,34.89.183.13
364,Mickey,Witling,mwitlinga3@amazon.com,33.215.236.234
365,Berty,Slatford,bslatforda4@ucoz.com,72.166.60.1
366,Claretta,Dik,cdika5@tamu.edu,126.1.158.120
367,Deeanne,Talmadge,dtalmadgea6@examiner.com,188.118.202.110
368,Iorgos,Wagen,iwagena7@weather.com,82.220.38.10
369,Storm,Ripley,sripleya8@wikia.com,87.152.249.53
370,Edeline,Cruttenden,ecruttendena9@shop-pro.jp,134.161.199.58
371,Sindee,Tregenna,stregennaaa@istockphoto.com,166.122.82.205
372,Wilburt,Terris,wterrisab@theglobeandmail.com,169.162.66.11
373,Marlie,Hardcastle,mhardcastleac@deliciousdays.com,179.231.22.76
374,Edeline,Wilcot,ewilcotad@skype.com,45.136.81.23
375,Alfons,Behnecke,abehneckeae@yellowpages.com,146.219.42.144
376,Aymer,Czadla,aczadlaaf@liveinternet.ru,85.106.84.37
377,Kimberley,Rankin,krankinag@soup.io,172.104.234.28
378,Zebadiah,Littlewood,zlittlewoodah@linkedin.com,44.107.227.52
379,Lorie,Clyde,lclydeai@twitter.com,32.251.103.191
380,Emilie,Cloke,eclokeaj@furl.net,42.45.160.98
381,Royal,De Blase,rdeblaseak@imageshack.us,229.6.182.192
382,Lenna,Liles,llilesal@dyndns.org,121.101.184.134
383,Timmie,Seabright,tseabrightam@cnet.com,143.133.150.83
384,Geno,Provis,gprovisan@last.fm,83.23.242.249
385,Martin,Rosetti,mrosettiao@github.io,61.236.111.2
386,Rochelle,Pomfrey,rpomfreyap@usda.gov,135.138.40.128
387,Leonanie,Cullivan,lcullivanaq@guardian.co.uk,81.180.40.140
388,Angel,Sweatland,asweatlandar@hhs.gov,129.249.9.236
389,Dionis,Bruhke,dbruhkeas@tripod.com,126.4.7.229
390,Dolores,Ruff,druffat@mapquest.com,160.213.215.154
391,Vittoria,Zettoi,vzettoiau@shutterfly.com,171.7.233.56
392,Amandie,Dooley,adooleyav@free.fr,88.14.118.240
393,Ronnie,Wollard,rwollardaw@goo.gl,234.0.93.135
394,Shem,Schellig,sschelligax@booking.com,49.46.212.53
395,Bettina,Maly,bmalyay@multiply.com,161.249.23.229
396,Preston,Gabbitus,pgabbitusaz@noaa.gov,5.135.48.210
397,Alaine,Korneluk,akornelukb0@pen.io,31.75.136.59
398,Bertha,McConway,bmcconwayb1@topsy.com,12.68.196.14
399,Heywood,Piercey,hpierceyb2@istockphoto.com,138.188.183.14
400,Sybille,Stabbins,sstabbinsb3@dmoz.org,41.92.178.171
401,Chad,Leverett,cleverettb4@arstechnica.com,86.83.149.240
402,Cazzie,McRannell,cmcrannellb5@indiegogo.com,74.215.51.55
403,Dion,Castro,dcastrob6@google.it,183.168.172.178
404,Katlin,Gerrey,kgerreyb7@t.co,109.73.47.238
405,Debera,Warhurst,dwarhurstb8@webnode.com,151.127.132.139
406,Leelah,Lente,llenteb9@guardian.co.uk,31.182.234.151
407,Aristotle,Ledwich,aledwichba@boston.com,115.253.42.50
408,Gwenny,Murch,gmurchbb@gravatar.com,33.157.252.192
409,Isiahi,Rotherforth,irotherforthbc@github.com,44.89.97.230
410,Allyn,Hamblyn,ahamblynbd@live.com,51.181.6.21
411,Bone,Corradini,bcorradinibe@phoca.cz,104.82.185.120
412,Joe,Goffe,jgoffebf@apache.org,76.16.133.67
413,Celestia,Tipling,ctiplingbg@nba.com,53.85.2.27
414,Rockwell,Kinnoch,rkinnochbh@google.ru,75.59.166.99
415,Quinlan,Beamont,qbeamontbi@hp.com,7.121.105.213
416,Frants,Davenell,fdavenellbj@loc.gov,158.223.77.156
417,Sallie,Kirvell,skirvellbk@usatoday.com,76.52.216.141
418,Latashia,Soaper,lsoaperbl@ca.gov,102.202.189.24
419,Audrie,Peris,aperisbm@cocolog-nifty.com,99.26.147.189
420,Buckie,Courtman,bcourtmanbn@shop-pro.jp,35.11.251.148
421,Sutherlan,Seagrove,sseagrovebo@shutterfly.com,87.226.187.148
422,Ariana,Slowley,aslowleybp@barnesandnoble.com,173.102.93.162
423,Wayne,Wilman,wwilmanbq@opera.com,17.248.130.54
424,Darius,Bohden,dbohdenbr@reference.com,38.231.49.39
425,Brendin,Sate,bsatebs@smugmug.com,254.42.42.120
426,Luciano,Piscopo,lpiscopobt@hugedomains.com,79.118.10.172
427,Kristen,Exeter,kexeterbu@seesaa.net,64.238.65.237
428,Caleb,Edgell,cedgellbv@icio.us,188.3.123.128
429,Simon,Severwright,sseverwrightbw@un.org,59.37.240.127
430,Harley,Zanazzi,hzanazzibx@businesswire.com,64.108.243.245
431,Selene,Mellor,smellorby@squidoo.com,174.202.62.173
432,Edythe,Linnock,elinnockbz@aol.com,88.93.190.153
433,Clara,Calcraft,ccalcraftc0@noaa.gov,176.126.160.27
434,Thane,Wrassell,twrassellc1@paginegialle.it,59.215.100.237
435,Chancey,Sevitt,csevittc2@skype.com,228.32.61.224
436,Lauree,Conws,lconwsc3@discovery.com,231.82.19.160
437,Jud,Carbett,jcarbettc4@geocities.jp,216.164.142.210
438,Earle,Merali,emeralic5@huffingtonpost.com,205.116.186.12
439,Kippy,Lowcock,klowcockc6@uiuc.edu,61.71.218.179
440,Madalyn,Cursey,mcurseyc7@noaa.gov,70.43.145.239
441,Berkie,Jime,bjimec8@bandcamp.com,15.74.187.84
442,Barde,Barhims,bbarhimsc9@printfriendly.com,21.159.222.112
443,Theda,Havik,thavikca@slashdot.org,42.160.245.123
444,Reinaldo,Ruppelin,rruppelincb@cdc.gov,91.234.211.12
445,Whitby,Christian,wchristiancc@chicagotribune.com,220.116.34.220
446,Tammie,Stannett,tstannettcd@angelfire.com,182.204.58.188
447,Tiffany,Wegner,twegnerce@typepad.com,214.159.191.118
448,Kim,Orritt,korrittcf@alexa.com,166.39.145.40
449,Katina,Sauniere,ksaunierecg@wordpress.com,152.151.79.212
450,Iorgos,Silversmidt,isilversmidtch@utexas.edu,26.42.39.177
451,Sandy,Kauscher,skauscherci@ucla.edu,27.32.40.89
452,Merlina,Tidcombe,mtidcombecj@pen.io,5.226.215.48
453,Filippa,Belamy,fbelamyck@spotify.com,167.177.66.215
454,Reade,Echalier,rechaliercl@ycombinator.com,108.4.70.24
455,Norman,Branthwaite,nbranthwaitecm@baidu.com,38.130.53.249
456,Cart,Moulden,cmouldencn@time.com,137.80.26.76
457,Frannie,Verrills,fverrillsco@census.gov,84.109.150.192
458,Hogan,Revie,hreviecp@squidoo.com,11.177.183.167
459,Corliss,Luckes,cluckescq@mit.edu,22.11.123.225
460,Claiborn,Gillbanks,cgillbankscr@japanpost.jp,162.125.31.45
461,Merla,Tourot,mtourotcs@about.me,164.8.178.249
462,Euphemia,Wiggins,ewigginsct@weather.com,234.135.8.74
463,Alley,Ferneyhough,aferneyhoughcu@miibeian.gov.cn,210.250.31.52
464,Francene,Dewi,fdewicv@pcworld.com,251.2.77.46
465,Lem,Yegorev,lyegorevcw@wiley.com,234.10.17.181
466,Sianna,Arnaudin,sarnaudincx@domainmarket.com,118.159.159.253
467,Frasquito,Pie,fpiecy@mtv.com,99.168.142.80
468,Patience,Ortner,portnercz@about.me,218.197.217.160
469,Cord,Mc Kellen,cmckellend0@netlog.com,229.218.100.178
470,Zulema,Lomasney,zlomasneyd1@irs.gov,230.98.104.27
471,Dela,Lambal,dlambald2@csmonitor.com,33.142.250.150
472,Stacee,Arendsen,sarendsend3@naver.com,103.242.74.34
473,Hyman,Luciani,hlucianid4@1und1.de,134.25.216.184
474,Ethe,Blaksland,eblakslandd5@paypal.com,147.196.139.134
475,Jerrylee,Girvin,jgirvind6@twitpic.com,230.152.170.206
476,Borg,Boraston,bborastond7@mapy.cz,236.50.90.145
477,Chloris,Brickell,cbrickelld8@springer.com,52.111.134.166
478,Jeralee,Woodrooffe,jwoodrooffed9@livejournal.com,134.139.167.13
479,Reta,Newham,rnewhamda@netlog.com,177.22.186.142
480,Aurora,Jados,ajadosdb@miibeian.gov.cn,116.206.70.143
481,Elvis,Swinnerton,eswinnertondc@eventbrite.com,155.80.144.219
482,Pennie,Woolmington,pwoolmingtondd@nature.com,55.82.238.235
483,Delia,Staig,dstaigde@uol.com.br,12.26.100.245
484,Merilee,Mullis,mmullisdf@independent.co.uk,25.8.220.39
485,Nicolina,Whisby,nwhisbydg@chron.com,213.119.149.161
486,Kelsy,Templar,ktemplardh@sun.com,182.103.57.164
487,Lyn,Cookney,lcookneydi@barnesandnoble.com,65.169.82.51
488,Kala,Chawner,kchawnerdj@weebly.com,137.85.68.190
489,Chrisse,Shasnan,cshasnandk@addthis.com,1.101.97.198
490,Edwin,Ordish,eordishdl@yale.edu,102.159.204.100
491,Maximilian,Carcass,mcarcassdm@addthis.com,64.147.94.27
492,Evita,Dibben,edibbendn@cloudflare.com,100.13.250.41
493,Jacky,Morrall,jmorralldo@dagondesign.com,251.231.6.140
494,Carita,Kroll,ckrolldp@vkontakte.ru,122.223.228.108
495,Dyan,McMeekin,dmcmeekindq@phpbb.com,183.64.80.196
496,Lyle,Beebee,lbeebeedr@flavors.me,32.169.61.84
497,King,Garshore,kgarshoreds@ucoz.com,160.195.166.39
498,Jenine,Cressar,jcressardt@parallels.com,183.219.13.147
499,Isidor,Lefley,ilefleydu@msn.com,254.159.74.139
500,Orsa,Breed,obreeddv@miitbeian.gov.cn,180.143.12.236
501,Guglielmo,Lorand,gloranddw@utexas.edu,253.83.67.146
502,Mollee,Rosenblad,mrosenbladdx@youtube.com,133.230.203.225
503,Aile,Jeffcoat,ajeffcoatdy@disqus.com,183.95.77.52
504,Ottilie,Bulger,obulgerdz@icq.com,126.135.237.123
505,Hewett,Cripps,hcrippse0@hugedomains.com,115.129.191.165
506,Agosto,Maciocia,amaciociae1@state.gov,69.140.16.4
507,Marven,Beade,mbeadee2@hubpages.com,246.84.67.159
508,Dorolice,Adnett,dadnette3@smh.com.au,60.60.211.105
509,Erda,Ferris,eferrise4@sfgate.com,40.119.246.246
510,Mag,Rushforth,mrushforthe5@quantcast.com,30.216.60.161
511,Lurette,Chong,lchonge6@sogou.com,200.163.52.72
512,Lou,Mansford,lmansforde7@lulu.com,183.87.25.186
513,Baily,Lawley,blawleye8@foxnews.com,35.83.120.251
514,Marinna,Blaylock,mblaylocke9@mtv.com,37.36.192.57
515,Nikolas,Winnard,nwinnardea@wix.com,14.100.13.254
516,Evelina,Parnell,eparnelleb@fema.gov,178.88.127.234
517,Barbette,Charlick,bcharlickec@a8.net,104.160.33.213
518,Heindrick,Russel,hrusseled@g.co,220.195.88.165
519,Kalina,Godwin,kgodwinee@bloglines.com,152.205.41.56
520,Editha,Bruneton,ebrunetonef@exblog.jp,72.139.8.93
521,Clare,Farnin,cfarnineg@paypal.com,10.105.79.30
522,Tarra,Giddons,tgiddonseh@mayoclinic.com,209.15.5.166
523,Sigismondo,Moran,smoranei@opera.com,131.233.106.67
524,Gerianne,Stoves,gstovesej@cbslocal.com,54.74.55.99
525,Edin,Arnopp,earnoppek@ucsd.edu,251.140.202.122
526,Flynn,Rogge,froggeel@npr.org,112.7.43.51
527,Townsend,Hinkley,thinkleyem@merriam-webster.com,193.124.238.89
528,Bald,Hoolaghan,bhoolaghanen@plala.or.jp,155.100.148.24
529,Elysha,Cattonnet,ecattonneteo@utexas.edu,30.140.40.31
530,Clarinda,Cunningham,ccunninghamep@wiley.com,156.234.79.53
531,Vivianne,De Ruggiero,vderuggieroeq@paginegialle.it,92.72.138.92
532,Lucita,Jurisch,ljurischer@cdbaby.com,67.158.57.42
533,Ruthie,Wiltshire,rwiltshirees@google.cn,73.37.148.173
534,Olive,Pembery,opemberyet@mac.com,161.173.169.94
535,Boone,Belchem,bbelchemeu@sciencedirect.com,240.58.107.214
536,Lorrin,Semour,lsemourev@earthlink.net,126.117.55.203
537,Raina,Jeacop,rjeacopew@slashdot.org,30.208.201.157
538,Micheil,Chaundy,mchaundyex@vkontakte.ru,146.19.62.193
539,Lesli,Moultrie,lmoultrieey@boston.com,41.252.156.201
540,Lennard,Tiddy,ltiddyez@senate.gov,247.97.182.246
541,Willy,Fairham,wfairhamf0@state.tx.us,94.27.107.101
542,Hyacinth,Trivett,htrivettf1@nasa.gov,118.87.252.133
543,Francisco,Dogerty,fdogertyf2@woothemes.com,204.136.116.5
544,Cornelius,Tite,ctitef3@yandex.ru,86.172.216.19
545,Valentin,McGready,vmcgreadyf4@accuweather.com,35.172.132.99
546,Vanni,Seeborne,vseebornef5@uiuc.edu,15.214.83.171
547,Freida,Medwell,fmedwellf6@google.pl,142.250.198.133
548,Killy,Cuseick,kcuseickf7@cargocollective.com,138.138.46.25
549,Salomo,Durrance,sdurrancef8@amazon.co.jp,24.13.24.154
550,Zacharias,Foxon,zfoxonf9@paginegialle.it,21.245.163.97
551,Menard,Gerran,mgerranfa@gov.uk,24.102.39.240
552,Will,Chaudrelle,wchaudrellefb@japanpost.jp,76.12.45.36
553,Annie,Trevillion,atrevillionfc@vk.com,142.240.109.36
554,Bertrand,Speed,bspeedfd@walmart.com,92.252.47.173
555,Perceval,Terbrugge,pterbruggefe@seattletimes.com,252.90.215.79
556,Teressa,Averay,taverayff@samsung.com,191.135.150.97
557,Catlaina,Keets,ckeetsfg@apache.org,22.251.215.248
558,Dion,Limeburner,dlimeburnerfh@soundcloud.com,87.194.179.138
559,Monah,Grendon,mgrendonfi@army.mil,241.0.206.128
560,Catlin,De Bischop,cdebischopfj@free.fr,19.191.32.102
561,Lusa,Craster,lcrasterfk@bloglovin.com,244.228.25.183
562,Lonnard,Seldner,lseldnerfl@google.it,7.239.110.64
563,Holly,McAuslan,hmcauslanfm@wp.com,118.76.206.211
564,Valentino,Docket,vdocketfn@stanford.edu,194.18.212.155
565,Thea,Edgeon,tedgeonfo@theguardian.com,168.51.156.123
566,Emmeline,Riveles,erivelesfp@wikia.com,156.137.171.248
567,Emmie,Clewer,eclewerfq@china.com.cn,237.216.139.84
568,Elwira,Trenchard,etrenchardfr@issuu.com,173.202.172.240
569,Pamelina,Stacey,pstaceyfs@unesco.org,226.58.120.46
570,Riva,Godard,rgodardft@mozilla.com,255.80.25.22
571,Mahala,Hallibone,mhallibonefu@com.com,90.34.211.131
572,Zackariah,Becks,zbecksfv@europa.eu,79.163.78.125
573,Guillaume,Treacy,gtreacyfw@fema.gov,197.229.214.184
574,Andriana,Constantine,aconstantinefx@mlb.com,166.6.116.60
575,Idell,Abarough,iabaroughfy@biglobe.ne.jp,250.97.126.240
576,Goddard,Delafont,gdelafontfz@examiner.com,25.239.178.125
577,Johnathon,Petren,jpetreng0@theglobeandmail.com,121.182.205.13
578,Lexie,Costock,lcostockg1@newyorker.com,177.248.133.119
579,Aubert,Legate,alegateg2@ehow.com,170.203.141.80
580,Hugh,Kerfod,hkerfodg3@bloglovin.com,249.215.27.105
581,Antoinette,Carty,acartyg4@washington.edu,55.84.35.184
582,Hugh,Speight,hspeightg5@slate.com,211.14.247.191
583,Virgilio,Aisthorpe,vaisthorpeg6@springer.com,112.141.183.120
584,Bailie,Cumberland,bcumberlandg7@huffingtonpost.com,18.89.221.146
585,Willetta,Chiddy,wchiddyg8@wix.com,213.106.157.76
586,Ignaz,Parlor,iparlorg9@ucla.edu,195.156.118.237
587,Gunner,Eggleson,gegglesonga@cisco.com,41.184.163.32
588,Corrie,Jeanneau,cjeanneaugb@bluehost.com,9.94.3.78
589,Lari,Maxwell,lmaxwellgc@weibo.com,200.46.61.198
590,Neely,Jeppensen,njeppensengd@cocolog-nifty.com,17.195.224.84
591,Nessi,Easeman,neasemange@chronoengine.com,217.84.224.128
592,Orsa,Costelloe,ocostelloegf@macromedia.com,78.143.31.93
593,Jack,Popland,jpoplandgg@hibu.com,90.180.248.74
594,Sutherlan,Furze,sfurzegh@lulu.com,232.243.249.175
595,Elias,Everley,eeverleygi@arizona.edu,77.28.150.8
596,Susann,Ramet,srametgj@bizjournals.com,51.31.45.167
597,Darcy,Pennigar,dpennigargk@goo.ne.jp,169.102.87.39
598,Portia,Wigelsworth,pwigelsworthgl@netlog.com,183.72.235.212
599,Adrian,Khilkov,akhilkovgm@wikipedia.org,68.89.53.139
600,Carlita,Escot,cescotgn@comcast.net,180.122.139.206
601,Daffi,Hanbridge,dhanbridgego@netscape.com,11.62.9.72
602,Hobie,Hail,hhailgp@disqus.com,157.191.230.232
603,Garey,MacCague,gmaccaguegq@ucoz.com,91.231.189.245
604,Priscilla,Treadwell,ptreadwellgr@printfriendly.com,14.244.210.107
605,Paddy,Rodder,proddergs@live.com,214.89.183.229
606,Alli,Marriner,amarrinergt@clickbank.net,17.116.104.224
607,Chantal,Lepard,clepardgu@china.com.cn,148.163.230.91
608,Blakelee,Habbes,bhabbesgv@ycombinator.com,117.61.13.64
609,Shoshana,Caughey,scaugheygw@ucoz.com,81.165.15.176
610,Morissa,Tunstall,mtunstallgx@vkontakte.ru,112.163.175.137
611,Aurlie,Janodet,ajanodetgy@ustream.tv,96.167.55.7
612,Loren,Porch,lporchgz@nps.gov,46.35.123.3
613,Curtis,Braley,cbraleyh0@slate.com,144.248.82.234
614,Coletta,Feedham,cfeedhamh1@eepurl.com,127.131.47.65
615,Dorrie,Hoofe,dhoofeh2@amazon.com,162.41.115.80
616,Nehemiah,Filewood,nfilewoodh3@disqus.com,153.183.170.36
617,Quinton,Furney,qfurneyh4@ezinearticles.com,87.55.91.4
618,Gonzalo,Boatman,gboatmanh5@technorati.com,161.166.133.53
619,Marcile,Sandyford,msandyfordh6@over-blog.com,65.246.133.253
620,Donny,MacAlroy,dmacalroyh7@usa.gov,198.54.34.47
621,Kissiah,Goodale,kgoodaleh8@comsenz.com,138.139.63.165
622,Gabrielle,Baskeyfield,gbaskeyfieldh9@mapy.cz,137.53.186.175
623,Ambrosi,Largen,alargenha@nature.com,200.23.59.135
624,Pierce,Bursell,pbursellhb@cafepress.com,194.24.22.238
625,Hunter,Riep,hriephc@eventbrite.com,141.201.219.108
626,Shirline,Jervois,sjervoishd@biblegateway.com,240.236.123.66
627,Sasha,McKeggie,smckeggiehe@wix.com,219.243.126.116
628,Any,Spowart,aspowarthf@disqus.com,190.22.177.119
629,Corly,Prigmore,cprigmorehg@macromedia.com,99.142.167.254
630,Libbi,Kimmince,lkimmincehh@ebay.co.uk,204.46.67.57
631,Lisa,Anthoney,lanthoneyhi@netlog.com,114.132.14.125
632,Alain,Friskey,afriskeyhj@last.fm,41.225.168.90
633,Ray,Redmell,rredmellhk@shop-pro.jp,151.96.140.209
634,Bucky,Radolf,bradolfhl@wikimedia.org,182.128.166.93
635,Gavra,Filtness,gfiltnesshm@upenn.edu,5.135.255.229
636,Richard,Tadgell,rtadgellhn@a8.net,9.182.158.66
637,Damita,Hamby,dhambyho@wp.com,12.172.172.138
638,Tallie,Kelwick,tkelwickhp@opensource.org,57.103.167.69
639,Mack,McFarland,mmcfarlandhq@comsenz.com,234.174.187.25
640,Park,Brandreth,pbrandrethhr@comsenz.com,217.93.164.37
641,Kial,Bhatia,kbhatiahs@booking.com,232.197.117.67
642,Derry,Shinton,dshintonht@vimeo.com,239.94.77.133
643,Yuri,Siehard,ysiehardhu@pcworld.com,235.108.0.172
644,Netti,Abbis,nabbishv@themeforest.net,107.161.16.180
645,Norine,Goodband,ngoodbandhw@rambler.ru,206.160.115.174
646,Mari,Haacker,mhaackerhx@ask.com,57.176.22.13
647,Reiko,Derby,rderbyhy@imdb.com,131.153.237.191
648,Bernarr,Danell,bdanellhz@tinypic.com,144.119.148.255
649,Clemmy,Jammet,cjammeti0@acquirethisname.com,211.206.214.145
650,Selby,Pumfrey,spumfreyi1@dailymail.co.uk,175.99.72.212
651,Pru,Shilston,pshilstoni2@mapy.cz,135.233.191.93
652,Lammond,Gaskins,lgaskinsi3@flavors.me,185.177.193.215
653,Tadeas,Bowland,tbowlandi4@vistaprint.com,161.213.68.53
654,Kaila,Salman,ksalmani5@npr.org,36.29.193.7
655,Ingmar,Marsland,imarslandi6@feedburner.com,208.105.181.92
656,Jules,Richten,jrichteni7@com.com,33.204.61.234
657,Gertrud,Loins,gloinsi8@utexas.edu,128.190.53.8
658,Sallyanne,Blaney,sblaneyi9@ehow.com,8.227.213.240
659,Harlene,Prettyjohns,hprettyjohnsia@thetimes.co.uk,74.210.239.200
660,Elizabeth,Van Salzberger,evansalzbergerib@techcrunch.com,132.118.187.121
661,Sydel,Mollitt,smollittic@shop-pro.jp,55.214.118.87
662,Osbourne,Thome,othomeid@cloudflare.com,38.91.116.79
663,Sibyl,Inchley,sinchleyie@mit.edu,248.43.4.205
664,Roderich,Petri,rpetriif@shutterfly.com,189.99.9.180
665,Jilly,O'Shevlin,joshevlinig@parallels.com,189.183.253.49
666,Odelle,MacAdie,omacadieih@amazon.com,206.196.97.34
667,Verina,Lanham,vlanhamii@com.com,149.200.243.222
668,Shandeigh,Belsey,sbelseyij@seesaa.net,27.188.88.34
669,Randee,Benditt,rbendittik@lulu.com,187.231.110.144
670,Shoshana,Balmforth,sbalmforthil@tmall.com,81.111.8.193
671,Georgiana,Malter,gmalterim@state.tx.us,87.27.236.77
672,Gail,Semper,gsemperin@senate.gov,142.94.157.110
673,Rudd,Redgrove,rredgroveio@e-recht24.de,99.165.222.73
674,Tracey,Gheorghe,tgheorgheip@unc.edu,45.34.117.79
675,Charyl,Krammer,ckrammeriq@senate.gov,183.95.159.213
676,Flor,Bollini,fbolliniir@ed.gov,77.140.7.11
677,Dione,Andreichik,dandreichikis@uiuc.edu,236.18.27.225
678,Chere,Wellbelove,cwellbeloveit@cbc.ca,41.92.173.182
679,Jervis,Whifen,jwhifeniu@guardian.co.uk,21.233.70.41
680,Salvatore,Kelner,skelneriv@sogou.com,40.218.218.106
681,Woodie,Goodale,wgoodaleiw@cam.ac.uk,243.214.237.102
682,Jonathan,Thorpe,jthorpeix@freewebs.com,189.90.151.165
683,Sybille,Omrod,somrodiy@vistaprint.com,124.239.25.17
684,Pattie,Mutlow,pmutlowiz@bravesites.com,95.239.163.123
685,Elisabetta,Astbury,eastburyj0@mapy.cz,238.210.0.66
686,Maddi,Varian,mvarianj1@accuweather.com,14.28.62.241
687,Miranda,MacSharry,mmacsharryj2@netscape.com,140.57.193.136
688,Keelia,Seppey,kseppeyj3@google.ru,215.231.104.102
689,Niall,Soigoux,nsoigouxj4@reverbnation.com,130.249.41.31
690,Tommi,Siberry,tsiberryj5@thetimes.co.uk,40.250.132.17
691,Phillipp,Goricke,pgorickej6@cisco.com,16.104.106.18
692,Ransom,Frankham,rfrankhamj7@jimdo.com,246.160.197.4
693,Cordy,Woodrooffe,cwoodrooffej8@tuttocitta.it,9.163.96.71
694,Ellis,Webb,ewebbj9@themeforest.net,227.175.24.159
695,Nigel,Olsson,nolssonja@tripadvisor.com,106.219.14.25
696,Viki,Brundill,vbrundilljb@soup.io,10.112.164.112
697,Fran,Rhodes,frhodesjc@aboutads.info,220.231.151.103
698,Nina,Wapol,nwapoljd@simplemachines.org,47.232.24.107
699,Rose,Bosanko,rbosankoje@over-blog.com,235.111.224.182
700,Hortense,Bynert,hbynertjf@sohu.com,125.198.252.101
701,Jock,Shelley,jshelleyjg@yahoo.com,255.149.90.15
702,Vasili,Leve,vlevejh@a8.net,59.122.226.3
703,Iain,Beldom,ibeldomji@sohu.com,91.7.5.195
704,Elli,Slowcock,eslowcockjj@angelfire.com,58.197.34.70
705,Zeb,Lawleff,zlawleffjk@merriam-webster.com,214.5.201.83
706,Mignonne,Haseman,mhasemanjl@timesonline.co.uk,120.14.201.13
707,Ninetta,Solan,nsolanjm@va.gov,184.64.186.40
708,Zea,Meiklem,zmeiklemjn@pen.io,195.68.66.211
709,Hyacinthia,Madden,hmaddenjo@alexa.com,150.161.164.234
710,Tome,Thornewell,tthornewelljp@slate.com,28.47.13.224
711,Koo,Cavendish,kcavendishjq@discuz.net,8.143.181.125
712,Nelli,Abrahim,nabrahimjr@barnesandnoble.com,88.216.189.93
713,Lynelle,Steely,lsteelyjs@prlog.org,140.63.63.85
714,Lacee,Stonestreet,lstonestreetjt@jigsy.com,249.199.241.115
715,Danella,Braga,dbragaju@google.com.au,6.66.217.48
716,Aubry,Denington,adeningtonjv@redcross.org,185.107.156.165
717,Waverly,Bauldrey,wbauldreyjw@yelp.com,178.89.90.223
718,Petr,Joskovitch,pjoskovitchjx@elegantthemes.com,218.35.91.85
719,Brendin,Crowhurst,bcrowhurstjy@dyndns.org,101.248.26.40
720,Tybalt,Gibb,tgibbjz@wikimedia.org,212.151.238.140
721,Auria,Shortell,ashortellk0@multiply.com,11.238.139.138
722,Teresita,Cowie,tcowiek1@upenn.edu,248.133.136.243
723,Dian,Brevetor,dbrevetork2@pcworld.com,209.35.170.138
724,Midge,Castelletto,mcastellettok3@smugmug.com,98.254.145.13
725,Reyna,Ramsbotham,rramsbothamk4@themeforest.net,220.208.90.199
726,Willis,Jeannaud,wjeannaudk5@dell.com,190.149.81.103
727,Tova,Beckwith,tbeckwithk6@loc.gov,246.208.155.51
728,Pia,Zannotti,pzannottik7@stumbleupon.com,5.229.158.182
729,Michaela,Rozzell,mrozzellk8@free.fr,65.246.73.182
730,Nikolas,Quinnelly,nquinnellyk9@dailymail.co.uk,248.134.227.68
731,Carney,Impson,cimpsonka@yellowpages.com,182.50.159.65
732,Berthe,Prentice,bprenticekb@unblog.fr,238.212.0.64
733,Jenica,Geggus,jgegguskc@newsvine.com,223.162.89.222
734,Sheeree,Barnbrook,sbarnbrookkd@scribd.com,181.71.74.23
735,Tris,McMechan,tmcmechanke@cbslocal.com,116.78.172.156
736,Osbourn,Toquet,otoquetkf@ask.com,125.47.20.57
737,Clare,Shedden,csheddenkg@ft.com,237.70.91.236
738,Tudor,Ricker,trickerkh@newyorker.com,157.6.120.131
739,Webb,O'Mahoney,womahoneyki@fotki.com,237.143.59.113
740,Saxon,Laste,slastekj@cpanel.net,140.13.5.108
741,Dmitri,Poulden,dpouldenkk@deviantart.com,200.8.177.11
742,Gaynor,Dryden,gdrydenkl@spiegel.de,133.247.106.230
743,Ethyl,Fulun,efulunkm@about.com,171.137.132.121
744,Lodovico,Maunton,lmauntonkn@cam.ac.uk,163.126.208.85
745,Kelsey,Scard,kscardko@mit.edu,198.97.106.245
746,Claudius,Bartol,cbartolkp@google.com.au,18.155.204.53
747,Cori,de Mendoza,cdemendozakq@hexun.com,63.130.173.22
748,Tobiah,Allcroft,tallcroftkr@usnews.com,11.0.64.174
749,Cloe,Lockhead,clockheadks@exblog.jp,51.74.67.65
750,Tandie,Alabaster,talabasterkt@mozilla.com,224.26.107.226
751,Mirabelle,Orcas,morcasku@google.it,173.153.97.167
752,Joanne,Wark,jwarkkv@w3.org,208.190.95.95
753,Mayer,Osbaldeston,mosbaldestonkw@chronoengine.com,233.247.37.111
754,Colette,Order,corderkx@linkedin.com,49.75.253.127
755,Wylie,Ferby,wferbyky@cdbaby.com,162.205.201.15
756,Morton,Ashplant,mashplantkz@nature.com,140.35.44.214
757,Coleman,Van Giffen,cvangiffenl0@va.gov,34.106.25.177
758,Merissa,Stutely,mstutelyl1@163.com,68.104.223.72
759,Hilario,Stoeckle,hstoecklel2@yellowbook.com,192.167.191.117
760,Flo,Gluyus,fgluyusl3@issuu.com,11.77.239.172
761,Karlotte,Craigie,kcraigiel4@baidu.com,251.123.160.116
762,Diane-marie,Sterzaker,dsterzakerl5@youku.com,242.254.239.153
763,Layton,Ruddick,lruddickl6@nih.gov,202.139.60.11
764,Tove,Edison,tedisonl7@google.com.hk,177.115.234.4
765,Daryl,Whittenbury,dwhittenburyl8@europa.eu,72.119.126.206
766,Cassondra,Coule,ccoulel9@harvard.edu,189.41.72.229
767,Rosanna,Mickelwright,rmickelwrightla@wp.com,85.217.19.35
768,Cherie,Mayer,cmayerlb@twitter.com,244.27.26.207
769,Marlane,Chaplin,mchaplinlc@163.com,7.197.229.164
770,Mickie,Tumpane,mtumpaneld@census.gov,248.88.113.249
771,Benjamin,Turbitt,bturbittle@state.gov,211.97.230.212
772,Yanaton,Work,yworklf@npr.org,187.129.98.56
773,Grier,Aloway,galowaylg@dedecms.com,203.75.115.49
774,Kristoforo,Swindon,kswindonlh@csmonitor.com,126.36.130.92
775,Ario,Haddleston,ahaddlestonli@hugedomains.com,175.105.117.21
776,Maye,Anderer,mandererlj@1688.com,109.45.105.183
777,Puff,Issard,pissardlk@mozilla.com,108.77.206.176
778,Barb,Soares,bsoaresll@slideshare.net,75.185.141.3
779,Alexio,Alu,aalulm@360.cn,250.9.206.72
780,Vanya,Letchmore,vletchmoreln@smugmug.com,200.134.158.77
781,Tomlin,Bispo,tbispolo@hibu.com,56.173.188.196
782,Rochester,Deinhard,rdeinhardlp@alibaba.com,20.27.147.171
783,Shanda,Leyson,sleysonlq@hud.gov,142.84.195.215
784,Marion,Jozefowicz,mjozefowiczlr@answers.com,160.118.136.108
785,Irvine,Hoyte,ihoytels@blogtalkradio.com,81.52.194.6
786,Pebrook,Sparshutt,psparshuttlt@bravesites.com,51.165.183.71
787,Zorah,Hindsberg,zhindsberglu@google.it,227.106.88.10
788,Bambie,O' Culligan,boculliganlv@google.com.au,92.143.100.227
789,Ameline,Stebbings,astebbingslw@washington.edu,226.195.247.196
790,Kalinda,Sikorski,ksikorskilx@nhs.uk,81.241.173.72
791,Elberta,Taffie,etaffiely@ameblo.jp,206.138.21.125
792,Samara,Moody,smoodylz@google.ru,232.61.56.110
793,Marlowe,Fleischmann,mfleischmannm0@webs.com,199.232.141.86
794,Corrina,Farndale,cfarndalem1@networkadvertising.org,229.81.131.75
795,Alexandro,Mattheus,amattheusm2@army.mil,8.110.2.186
796,Hildegaard,Agates,hagatesm3@auda.org.au,84.187.205.143
797,Drugi,Barrasse,dbarrassem4@google.cn,27.100.31.184
798,Sherline,Di Francecshi,sdifrancecshim5@cornell.edu,115.53.151.203
799,Penni,Mundy,pmundym6@lycos.com,211.60.240.176
800,Rachele,Terese,rteresem7@multiply.com,167.79.175.17
801,Jolee,Davydkov,jdavydkovm8@seattletimes.com,240.246.170.123
802,Morna,Falconbridge,mfalconbridgem9@seesaa.net,86.118.251.26
803,Sayres,Kissock,skissockma@vistaprint.com,23.175.246.251
804,Elli,Bras,ebrasmb@bloglovin.com,72.174.146.93
805,Fin,Andrejs,fandrejsmc@freewebs.com,40.56.147.253
806,Guillema,Spinelli,gspinellimd@quantcast.com,33.165.19.45
807,Daniella,Hammerton,dhammertonme@ezinearticles.com,253.145.180.145
808,Julieta,Robbings,jrobbingsmf@omniture.com,108.159.110.242
809,Maisie,Tremethack,mtremethackmg@i2i.jp,38.106.209.3
810,Meris,Brogioni,mbrogionimh@vistaprint.com,226.74.145.89
811,Carlotta,Kyne,ckynemi@topsy.com,45.176.3.72
812,Joela,Friend,jfriendmj@tumblr.com,89.33.214.18
813,Derk,Calderonello,dcalderonellomk@cnn.com,156.169.38.195
814,Decca,Lachaize,dlachaizeml@google.fr,106.60.167.38
815,Marian,Ellsom,mellsommm@intel.com,52.27.81.13
816,Bobinette,Dinkin,bdinkinmn@nhs.uk,170.67.244.155
817,Mollee,Hullyer,mhullyermo@bandcamp.com,222.145.47.172
818,Ginger,Risdale,grisdalemp@friendfeed.com,110.243.49.67
819,Jorry,Jeves,jjevesmq@comcast.net,40.187.167.209
820,Barth,Matysik,bmatysikmr@lulu.com,131.145.251.176
821,Porter,Linney,plinneyms@com.com,249.124.244.3
822,Ertha,Ragles,eraglesmt@latimes.com,236.180.190.237
823,Tann,Tripony,ttriponymu@yale.edu,72.65.113.26
824,Nariko,Kiossel,nkiosselmv@apache.org,33.112.190.78
825,Genevieve,Capitano,gcapitanomw@usda.gov,195.112.233.119
826,Kaile,Dace,kdacemx@marketwatch.com,30.207.156.144
827,Pyotr,Aizic,paizicmy@about.me,191.151.100.243
828,Cameron,Cullrford,ccullrfordmz@gnu.org,136.59.98.186
829,Filbert,Caughan,fcaughann0@indiatimes.com,198.216.44.2
830,Cordy,Lucchi,clucchin1@businessinsider.com,121.186.141.6
831,Joanie,Winchurst,jwinchurstn2@psu.edu,185.139.177.247
832,Lise,Kellog,lkellogn3@patch.com,99.109.93.10
833,Josephine,Rosellini,jrosellinin4@ezinearticles.com,170.41.42.239
834,Cookie,Reedick,creedickn5@tamu.edu,120.89.127.54
835,Maren,Gent,mgentn6@nyu.edu,153.183.47.35
836,Suzy,Bousquet,sbousquetn7@rakuten.co.jp,146.210.246.206
837,Vicky,Sone,vsonen8@ovh.net,58.159.149.27
838,Hy,Skottle,hskottlen9@gov.uk,209.164.183.134
839,Alyssa,Maundrell,amaundrellna@youtube.com,140.1.175.39
840,Dallas,Batty,dbattynb@walmart.com,122.52.218.147
841,Umberto,Frascone,ufrasconenc@blogspot.com,162.71.109.212
842,Emmet,Ledward,eledwardnd@ucla.edu,26.120.88.141
843,Gannie,Skylett,gskylettne@hostgator.com,246.49.8.88
844,Norman,Caistor,ncaistornf@sakura.ne.jp,157.163.215.174
845,Alfonse,Dullingham,adullinghamng@newsvine.com,116.40.160.105
846,Orland,Darrow,odarrownh@ed.gov,217.37.115.58
847,Ursola,Glavis,uglavisni@e-recht24.de,247.107.216.102
848,Giles,Beekmann,gbeekmannnj@linkedin.com,223.24.57.87
849,Guinna,Tretwell,gtretwellnk@hostgator.com,229.145.240.58
850,Dorise,Duff,dduffnl@webmd.com,104.55.249.5
851,Dorisa,Mitchenson,dmitchensonnm@mapy.cz,75.117.53.188
852,Gilberte,Timewell,gtimewellnn@edublogs.org,54.131.120.226
853,Marya,Meletti,mmelettino@princeton.edu,8.142.15.51
854,Lek,Petric,lpetricnp@histats.com,182.137.88.97
855,Evvy,Dedam,ededamnq@furl.net,242.161.228.28
856,Sullivan,Meriot,smeriotnr@utexas.edu,114.235.11.14
857,Amber,Conyer,aconyerns@amazon.de,142.130.169.21
858,Homer,Dobbinson,hdobbinsonnt@exblog.jp,111.233.9.77
859,Arther,Sainteau,asainteaunu@shutterfly.com,135.157.199.18
860,Zachary,Cockerell,zcockerellnv@booking.com,209.181.54.178
861,Billye,Borleace,bborleacenw@scientificamerican.com,118.221.169.47
862,Rollie,Mundall,rmundallnx@zdnet.com,227.101.37.30
863,Monty,Rigmond,mrigmondny@cmu.edu,227.218.62.247
864,Ceciley,Gronow,cgronownz@webs.com,40.31.226.158
865,Haskel,Rama,hramao0@last.fm,128.181.30.84
866,Dallas,St Clair,dstclairo1@gov.uk,186.161.119.255
867,Homere,Hartshorne,hhartshorneo2@newsvine.com,185.220.119.235
868,Malynda,Liddon,mliddono3@cnn.com,192.174.212.211
869,Malynda,Kiessel,mkiesselo4@xinhuanet.com,148.220.76.70
870,Mechelle,Heffron,mheffrono5@earthlink.net,209.7.63.252
871,Cole,Harp,charpo6@theguardian.com,172.81.255.147
872,Marguerite,Yurkov,myurkovo7@tiny.cc,19.76.92.147
873,Elenore,Hiskey,ehiskeyo8@networksolutions.com,80.57.2.243
874,Bailie,Devanney,bdevanneyo9@google.cn,32.153.119.121
875,Faulkner,Riveles,frivelesoa@opera.com,35.120.254.148
876,Lorens,William,lwilliamob@statcounter.com,234.150.146.7
877,Jeniffer,Standering,jstanderingoc@lulu.com,78.25.41.68
878,Maggy,Lowings,mlowingsod@washingtonpost.com,152.209.161.99
879,Pollyanna,Darlison,pdarlisonoe@soundcloud.com,53.15.210.187
880,Moises,Bonifazio,mbonifazioof@youtu.be,57.215.228.121
881,Ber,Patten,bpattenog@photobucket.com,131.218.6.147
882,Jada,Lukins,jlukinsoh@ucoz.com,39.36.73.240
883,Ossie,Blumer,oblumeroi@ask.com,82.136.221.139
884,Cindie,Antoniou,cantoniouoj@tinypic.com,177.115.147.252
885,Delano,Wibrow,dwibrowok@shareasale.com,122.124.87.172
886,Cindra,Bissiker,cbissikerol@baidu.com,230.239.78.86
887,Sly,Glantz,sglantzom@guardian.co.uk,228.80.24.198
888,Valentin,Derye-Barrett,vderyebarretton@imageshack.us,4.104.217.189
889,Mozelle,Winterbottom,mwinterbottomoo@sogou.com,27.101.251.10
890,Nero,Pepall,npepallop@upenn.edu,133.2.229.220
891,Bearnard,Penner,bpenneroq@hao123.com,89.247.210.225
892,Cecil,Trouel,ctrouelor@flavors.me,10.199.77.169
893,Hermy,Sarrell,hsarrellos@51.la,122.27.32.101
894,Morrie,Grunnill,mgrunnillot@prnewswire.com,75.77.89.57
895,Goldie,Jonuzi,gjonuziou@addthis.com,241.104.182.150
896,Gilbert,Ochterlony,gochterlonyov@hp.com,200.4.55.141
897,Bonni,Reith,breithow@latimes.com,113.120.241.170
898,Shawn,Jedrzejewski,sjedrzejewskiox@accuweather.com,124.168.189.4
899,Fiona,Keslake,fkeslakeoy@chron.com,191.170.221.166
900,Jessi,Asling,jaslingoz@usatoday.com,131.73.188.92
901,Cloris,Pottle,cpottlep0@hp.com,202.172.201.11
902,Maynard,Bellwood,mbellwoodp1@cnbc.com,250.147.208.156
903,Clovis,Ramel,cramelp2@adobe.com,214.49.67.153
904,Vick,Nevet,vnevetp3@toplist.cz,1.14.177.182
905,Mira,Fiddy,mfiddyp4@theglobeandmail.com,100.73.0.190
906,Edvard,Stut,estutp5@over-blog.com,139.7.132.158
907,Wallache,Coppeard,wcoppeardp6@nasa.gov,46.65.128.54
908,Marlene,Haysman,mhaysmanp7@sciencedaily.com,125.69.27.226
909,Hazlett,Newhouse,hnewhousep8@icio.us,8.193.233.70
910,Henry,Barnsley,hbarnsleyp9@123-reg.co.uk,141.12.73.232
911,Lindsay,Whitcomb,lwhitcombpa@bravesites.com,141.20.82.63
912,Darby,Zmitruk,dzmitrukpb@smugmug.com,31.20.245.27
913,Bryn,Guerrieri,bguerrieripc@meetup.com,236.7.194.5
914,Willard,Ilyinski,wilyinskipd@hexun.com,117.70.199.188
915,Keith,Ferres,kferrespe@europa.eu,90.224.240.26
916,Jerry,Tompkiss,jtompkisspf@wikispaces.com,33.136.86.201
917,Cherice,Orgee,corgeepg@dailymail.co.uk,230.224.243.28
918,Linn,Boyes,lboyesph@dagondesign.com,49.213.204.137
919,Tonnie,MacAlroy,tmacalroypi@nsw.gov.au,220.217.123.224
920,Quinton,Josephov,qjosephovpj@vistaprint.com,156.49.107.226
921,Codie,Hebden,chebdenpk@ehow.com,102.140.188.190
922,Kip,Holttom,kholttompl@cbc.ca,63.217.183.251
923,Pru,Phelipeaux,pphelipeauxpm@pen.io,151.194.178.180
924,Cherie,Janaud,cjanaudpn@behance.net,243.173.0.190
925,Alvina,Clapton,aclaptonpo@pinterest.com,15.196.187.57
926,Arnuad,Toffanini,atoffaninipp@adobe.com,0.123.107.187
927,Alicea,Harm,aharmpq@fc2.com,232.152.15.108
928,Jonathon,Heazel,jheazelpr@ow.ly,165.57.182.249
929,Arturo,Lardnar,alardnarps@hhs.gov,96.137.72.40
930,Sada,Barthrup,sbarthruppt@a8.net,59.223.47.200
931,Wallace,Scoyles,wscoylespu@vinaora.com,248.212.34.216
932,Starr,Climance,sclimancepv@house.gov,130.80.238.88
933,Red,Grzelewski,rgrzelewskipw@pcworld.com,113.129.27.33
934,Abbey,Davidy,adavidypx@phpbb.com,228.104.21.2
935,Syd,Shurey,sshureypy@technorati.com,6.215.120.149
936,Shalna,Child,schildpz@bloglines.com,98.182.165.39
937,Rex,Sarvar,rsarvarq0@seattletimes.com,170.87.13.70
938,Fulvia,Pennone,fpennoneq1@creativecommons.org,83.64.1.76
939,Nicko,Fenning,nfenningq2@histats.com,55.0.234.239
940,Kalindi,Arbuckel,karbuckelq3@phoca.cz,142.175.192.135
941,Nedi,Gawkes,ngawkesq4@springer.com,11.137.143.42
942,Fifine,Dallender,fdallenderq5@joomla.org,207.71.181.179
943,Devin,Huge,dhugeq6@people.com.cn,142.148.137.79
944,Daren,Zapatero,dzapateroq7@linkedin.com,190.22.232.130
945,Rosaleen,Akker,rakkerq8@guardian.co.uk,119.8.74.239
946,Kayle,Glaves,kglavesq9@harvard.edu,117.97.4.191
947,Terrye,Kretchmer,tkretchmerqa@opensource.org,217.160.171.29
948,Lorena,Neylon,lneylonqb@blogger.com,221.71.9.2
949,Dino,Upstone,dupstoneqc@1688.com,124.44.79.168
950,Gerardo,Ervine,gervineqd@globo.com,122.48.211.155
951,Julissa,Renvoise,jrenvoiseqe@vistaprint.com,121.158.212.56
952,Eddi,Winch,ewinchqf@wikimedia.org,221.203.150.194
953,Maisie,Shepheard,mshepheardqg@ucsd.edu,81.25.172.34
954,Maggi,Hellwing,mhellwingqh@pagesperso-orange.fr,154.118.216.25
955,Baillie,Fold,bfoldqi@nydailynews.com,255.177.253.8
956,Arlyn,Worgen,aworgenqj@cafepress.com,212.33.144.173
957,Lindsay,Kewley,lkewleyqk@unc.edu,8.169.182.196
958,Sheila-kathryn,Ericssen,sericssenql@google.pl,215.8.92.198
959,Keefer,Plascott,kplascottqm@tripod.com,236.215.242.61
960,Eirena,Camplejohn,ecamplejohnqn@sakura.ne.jp,184.35.188.193
961,Wilfred,Udey,wudeyqo@fotki.com,138.150.95.221
962,La verne,Element,lelementqp@nasa.gov,232.21.76.254
963,Donn,Hannis,dhannisqq@indiatimes.com,9.205.172.94
964,Thomasin,Grubbe,tgrubbeqr@woothemes.com,208.225.224.232
965,Etta,Russe,erusseqs@bloglines.com,0.68.20.105
966,Olwen,Taylerson,otaylersonqt@intel.com,164.187.63.60
967,Helen,Sabater,hsabaterqu@accuweather.com,183.46.34.250
968,Harlene,Doughartie,hdoughartieqv@people.com.cn,56.198.56.220
969,Dolores,Seeborne,dseeborneqw@parallels.com,214.77.165.144
970,Jorie,Abbys,jabbysqx@latimes.com,88.147.224.191
971,Jannelle,Lippiatt,jlippiattqy@theatlantic.com,163.2.102.79
972,Hastie,Collison,hcollisonqz@xrea.com,221.165.22.109
973,Rois,Gronav,rgronavr0@newsvine.com,79.83.211.191
974,Laurianne,Blakebrough,lblakebroughr1@odnoklassniki.ru,83.73.236.238
975,Butch,Wagge,bwagger2@altervista.org,36.204.255.98
976,Moselle,Abramcik,mabramcikr3@furl.net,198.241.142.163
977,Hilde,Bambra,hbambrar4@naver.com,145.203.101.172
978,Mendel,Nellen,mnellenr5@xing.com,229.217.179.26
979,Essa,Kivelle,ekiveller6@wikispaces.com,97.151.107.12
980,Rora,Mathevet,rmathevetr7@mit.edu,11.220.252.76
981,Carissa,Briereton,cbrieretonr8@wp.com,75.23.138.180
982,Nickey,Philipson,nphilipsonr9@google.com,85.143.212.34
983,Sheela,Possa,spossara@acquirethisname.com,251.64.167.21
984,Allix,Gent,agentrb@unesco.org,64.56.35.88
985,Gertrudis,Grimstead,ggrimsteadrc@moonfruit.com,150.185.235.178
986,Evita,Stammler,estammlerrd@mail.ru,168.28.230.206
987,Briney,Haugg,bhauggre@china.com.cn,213.241.177.167
988,Mile,Walklett,mwalklettrf@amazon.co.uk,46.46.29.86
989,Gwynne,Raynton,grayntonrg@dailymail.co.uk,29.135.185.0
990,Derrick,Cyster,dcysterrh@webeden.co.uk,123.113.81.36
991,Hilliary,Figgures,hfigguresri@deviantart.com,84.107.206.205
992,Alanna,Setford,asetfordrj@amazon.de,78.50.142.42
993,Debbie,Dransfield,ddransfieldrk@yandex.ru,3.248.72.206
994,Dillie,Rounsivall,drounsivallrl@nationalgeographic.com,182.132.182.39
995,Franzen,Nussey,fnusseyrm@ucsd.edu,44.85.21.119
996,Layney,Feldbrin,lfeldbrinrn@epa.gov,199.194.247.5
997,Xylina,Pagram,xpagramro@parallels.com,113.213.125.16
998,Hedvige,D'Elias,hdeliasrp@webeden.co.uk,55.153.110.226
999,Baryram,Dillestone,bdillestonerq@wordpress.com,175.81.137.220
1000,Esdras,MacPake,emacpakerr@livejournal.com,121.164.148.77
